id,title,description,image,published,created_at,updated_at,slug,subtitle,description2,metadata_title,metadata_keywords,metadata_description,upload_files
1,"Struktur Organisasi",NULL,"{""thumbnail"":{""url"":""\/pics\/user\/2023\/05\/19\/08\/21\/50x50_crop\/xHQQznqX1ZvXl3FE.gif"",""height"":50,""width"":50},""xsmall"":{""url"":""\/pics\/user\/2023\/05\/19\/08\/21\/160x120\/xHQQznqX1ZvXl3FE.gif"",""height"":120,""width"":160},""small"":{""url"":""\/pics\/user\/2023\/05\/19\/08\/21\/240x180\/xHQQznqX1ZvXl3FE.gif"",""height"":180,""width"":240},""profile"":{""url"":""\/pics\/user\/2023\/05\/19\/08\/21\/300x300_crop\/xHQQznqX1ZvXl3FE.gif"",""height"":300,""width"":300},""medium"":{""url"":""\/pics\/user\/2023\/05\/19\/08\/21\/640x480\/xHQQznqX1ZvXl3FE.gif"",""height"":480,""width"":640},""large"":{""url"":""\/pics\/user\/2023\/05\/19\/08\/21\/800x600\/xHQQznqX1ZvXl3FE.gif"",""height"":600,""width"":800},""original"":{""url"":""\/pics\/user\/2023\/05\/19\/08\/21\/xHQQznqX1ZvXl3FE.gif"",""height"":null,""width"":null}}",1,"2022-08-31 22:39:03","2023-05-20 01:08:22",struktur-organisasi,"Informasi mengenai Struktur Organisasi BPBUMD DKI",NULL,,,,NULL
2,"Tata Cara Pengajuan",,"{""thumbnail"":{""url"":""\/pics\/user\/2022\/08\/31\/30\/27\/50x50_crop\/GAOjTfxUbVmZPdnr.jpg"",""height"":50,""width"":50},""xsmall"":{""url"":""\/pics\/user\/2022\/08\/31\/30\/27\/160x120\/GAOjTfxUbVmZPdnr.jpg"",""height"":73,""width"":160},""small"":{""url"":""\/pics\/user\/2022\/08\/31\/30\/27\/240x180\/GAOjTfxUbVmZPdnr.jpg"",""height"":109,""width"":240},""profile"":{""url"":""\/pics\/user\/2022\/08\/31\/30\/27\/300x300_crop\/GAOjTfxUbVmZPdnr.jpg"",""height"":300,""width"":300},""medium"":{""url"":""\/pics\/user\/2022\/08\/31\/30\/27\/640x480\/GAOjTfxUbVmZPdnr.jpg"",""height"":290,""width"":640},""large"":{""url"":""\/pics\/user\/2022\/08\/31\/30\/27\/800x600\/GAOjTfxUbVmZPdnr.jpg"",""height"":363,""width"":800},""original"":{""url"":""\/pics\/user\/2022\/08\/31\/30\/27\/GAOjTfxUbVmZPdnr.jpg"",""height"":null,""width"":null}}",1,"2022-09-01 00:27:49","2022-09-01 04:30:28",tata-cara-pengajuan-keberatan,"Informasi mengenai Tata Cara Pengajuan Keberatan BPBUMD DKI Jakarta",,,,,NULL
3,"Tata Cara Pengajuan Permohonan",,"{""thumbnail"":{""url"":""\/pics\/user\/2022\/08\/31\/30\/14\/50x50_crop\/lZOubeHbB6iG7b4q.jpg"",""height"":50,""width"":50},""xsmall"":{""url"":""\/pics\/user\/2022\/08\/31\/30\/14\/160x120\/lZOubeHbB6iG7b4q.jpg"",""height"":120,""width"":94},""small"":{""url"":""\/pics\/user\/2022\/08\/31\/30\/14\/240x180\/lZOubeHbB6iG7b4q.jpg"",""height"":180,""width"":141},""profile"":{""url"":""\/pics\/user\/2022\/08\/31\/30\/14\/300x300_crop\/lZOubeHbB6iG7b4q.jpg"",""height"":300,""width"":300},""medium"":{""url"":""\/pics\/user\/2022\/08\/31\/30\/14\/640x480\/lZOubeHbB6iG7b4q.jpg"",""height"":480,""width"":377},""large"":{""url"":""\/pics\/user\/2022\/08\/31\/30\/14\/800x600\/lZOubeHbB6iG7b4q.jpg"",""height"":600,""width"":471},""original"":{""url"":""\/pics\/user\/2022\/08\/31\/30\/14\/lZOubeHbB6iG7b4q.jpg"",""height"":null,""width"":null}}",1,"2022-09-01 00:28:18","2022-09-01 04:30:15",tata-cara-pengajuan-permohonan,"Informasi mengenai Tata Cara Pengajuan Permohonan BPBUMD DKI Jakarta",,,,,NULL
4,"Visi & Misi Pemerintah Provinsi DKI Jakarta ","<div class=""heading-text heading-line   "">
<h4>Visi Pemerintah Provinsi DKI Jakarta</h4>
<p>Jakarta kota maju, lestari dan berbudaya yang warganya terlibat dalam mewujudkan keberadaban, keadilan dan kesejahteraan bagi semua.</p>
</div>
<div class=""seperator"">&nbsp;</div>
<div class=""heading-text heading-line  "">
<h4>Misi Pemerintah Provinsi DKI Jakarta</h4>
<ol style=""font-style: normal; font-weight: 400; text-transform: none; line-height: 1.7; letter-spacing: 0; color: #3c4043; font-size: 18px;"">
<li>Menjadikan Jakarta kota yang aman, sehat, cerdas, berbudaya, dengan memperkuat nilai-nilai keluarga dan memberikan ruang kreativitas melalui kepemimpinan yang melibatkan, menggerakkan dan memanusiakan.</li>
<li>Menjadikan Jakarta kota yang memajukan kesejahteraan umum melalui tercipxanya lapangan kerja, kestabilan dan keterjangkauan kebutuhan pokok, meningkatnya keadilan sosial, percepatan pembangunan infrastruktur, kemudahan investasi dan berbisnis, serta perbaikan pengelolaan tata ruang.</li>
<li>Menjadikan Jakarta tempat wahana aparatur negara yang berkarya, mengabdi, melayani, serta menyelesaikan berbagai permasalahan kota dan warga, secara efektif, meritokratis dan berintegritas.</li>
<li>Menjadikan Jakarta kota yang lestari, dengan pembangunan dan tata kehidupan yang memperkuat daya dukung lingkungan dan sosial.</li>
<li>Menjadikan Jakarta ibu kota yang dinamis sebagai simpul kemajuan Indonesia yang bercirikan keadilan, kebangsaan dan kebhinekaan.</li>
</ol>
</div>",,1,"2022-09-01 02:35:56","2022-09-01 03:16:52",visi-misi,"Informasi Visi & Misi Pemerintah Provinsi DKI Jakarta ",,"Metadata Title:123","Metadata Keywordss123","Metadata Description123",NULL
5,"Tugas Pokok dan Fungsi","<div class=""heading-text heading-line text-center"">
<h4>TUGAS</h4>
<span class=""lead"">BP BUMD mempunyai tugas menyelenggarakan fungsi penunjang urusan pemerintahan di bidang keuangan pada sub bidang pembinaan BUMD.</span></div>
<div class=""seperator"">&nbsp;</div>
<div class=""heading-text heading-line text-center"">
<h4>FUNGSI</h4>
<span class=""lead"">BP BUMD mempunyai tugas menyelenggarakan fungsi penunjang urusan pemerintahan di bidang keuangan pada sub bidang pembinaan BUMD.</span></div>
<div class=""row"">
<div class=""col-md-6"">
<ul class=""list-icon list-icon-arrow-circle list-icon-colored"">
<li>Penyusunan rencana strategis dan rencana kerja dan anggaran BP BUMD</li>
<li>Pelaksanaan rencana strategis dan dokumen pelaksanaan anggaran BP BUMD</li>
<li>Perumusan dan penetapan kebijakan di bidang penyusunan inisiatif bisnis strategis, penguatan daya saing dan sinergi, penguatan kinerja, penciptaan pertumbuhan berkelanjutan, restrukturisasi, pengembangan usaha, serta peningkatan kapasitas infrastruktur bisnis BUMD</li>
<li>Koordinasi dan sinkronisasi pelaksanaan kebijakan di bidang penyusunan inisiatif bisnis strategis, penguatan daya saing dan sinergi, penguatan kinerja, penciptaan pertumbuhan berkelanjutan, restrukturisasi, pengembangan usaha, serta peningkatan kapasitas infrastruktur bisnis BUMD</li>
<li>Pengkajian dan pengajuan pembentukan BUMD baru</li>
<li>Pelaksanaan monitoring dan evaluasi pengelolaan BUMD</li>
<li>Pelaksanaan monitoring dan evaluasi kinerja pengurus BUMD dan Perseroan Wakil Pemerintah Daerah</li>
<li>Pelaksanaan monitoring dan evaluasi proyek penugasan strategis Gubernur pada BUMD</li>
<li>Pelaksanaan pengangkatan dan pemberhentian Direksi, Badan Pengawas, dan Komisaris pada BUMD dan Perseroan Wakil Pemerintah Daerah</li>
</ul>
</div>
<div class=""col-md-6"">
<ul class=""list-icon list-icon-arrow-circle list-icon-colored"">
<li>Penyelenggaraan seleksi dan pengajuan calon pengurus BUMD dan Perseroan Wakil Pemerintah Daerah</li>
<li>Pengkajian dan pengajuan rencana akuisisi, merger, spinoff, privatisasi, divestasi, perubahan bentuk badan hukum, dan likuidasi BUMD</li>
<li>Pengkajian dan proses pengesahan penghasilan/ remunerasi pengurus BUMD</li>
<li>Pengkajian dan proses pengesahan rencana jangka panjang (RJP), rencana kerja dan anggaran perusahaan (RKAP), dan laporan tahunan BUMD dan Perseroan</li>
<li>Pengajuan rencana investasi langsung penyertaan modal daerah pada BUMD dan Perseroan berkoordinasi dengan BPKD</li>
<li>Pengelolaan investasi daerah yang bersifat langsung berupa penyertaan modal daerah</li>
<li>Pelaksanaan evaluasi nilai ekonomi dan kontribusi keuangan BUMD dan Perseroan terhadap Pemerintah Daerah</li>
<li>Pengelolaan kepegawaian, keuangan, dan barang BP BUMD</li>
<li>Pengelolaan ketatausahaan dan kerumahtanggaan BP BUMD</li>
<li>Pengelolaan kearsipan, data, dan informasi BP BUMD; dan</li>
<li>Pelaporan dan pertanggungjawaban pelalcsanaan tugas dan fungsi BP BUMD</li>
</ul>
</div>
</div>",,1,"2022-09-01 03:23:28","2022-09-01 03:23:28",tupoksi,"Informasi mengenai tugas dan fungsi dari BPBUMD DKI",,,,,NULL
6,"Daftar Informasi Publik","<div class=""heading-text heading-line text-center"">
<h4>PEMERINTAH PROVINSI DKI JAKARTA<br />BADAN PEMBINAAN BUMD PROVINSI DKI JAKARTA</h4>
</div>
<div class=""seperator"">&nbsp;</div>
<div class=""heading-text heading-line"">
<h5>INFORMASI YANG WAJIB DISEDIAKAN DAN DIUMUMKAN SECARA BERKALA</h5>
<ul>
<li><a href=""/uploads/perkin_kepala_perangkat_daerah_tahun_2022.pdf"" target=""_blank"" rel=""noopener"">Perkin Kepala Perangkat Daerah Tahun 2022 </a></li>
<li><a href=""/web/tupoksi"">Tugas Pokok dan Fungsi BPBUMD</a></li>
<li><a href=""/web/struktur-organisasi"">Struktur Organisasi BPBUMD</a></li>
<li><a href=""/web/pejabat""> Daftar Pejabat Struktural dan Fungsional BPBUMD</a></li>
<li><a href=""/web/rencana-strategis""> Rencana Strategis BPBUMD</a></li>
<li><a href=""/dok/LAPORAN_LAKIP_BPBUMD_2021_Final.pdf""> LAKIP BPBUMD</a></li>
<li><a href=""/dok/Laporan-Keuangan-BPBUMD-2020.pdf"" target=""_blank"" rel=""noopener""> Laporan Keuangan BPBUMD 2020</a></li>
<li><a href=""/dok/Laporan-Keuangan-BPBUMD-2021.pdf"" target=""_blank"" rel=""noopener""> Laporan Keuangan BPBUMD 2021</a></li>
<li><a href=""/dok/P%20DPA%20BPBUMD%202022.pdf"" target=""_blank"" rel=""noopener""> Rencana Kerja dan Anggaran</a></li>
<li><a href=""/dok/DPPA%20BPBUMD%20Tahun%202021%20Final.pdf"" target=""_blank"" rel=""noopener""> Program dan Kegiatan BPBUMD </a></li>
<li><a href=""https://ppid.jakarta.go.id/detail/257/6415"" target=""_blank"" rel=""noopener""> Laporan Layanan Informasi Publik BPBUMD</a></li>
<li><a href=""/web/tata-cara-permohonan-informasi"" target=""_blank"" rel=""noopener""> Prosedur Permohonan Informasi Publik</a></li>
</ul>
</div>
<div class=""heading-text heading-line"">
<h5>INFORMASI YANG WAJIB TERSEDIA SETIAP SAAT</h5>
<ul>
<li>Data Umum Kepegawaian BPUMD</li>
<li>Data Aset Tetap KIB B BPBUMD</li>
<li>Data Aset Tidak Berwujud BPBUMD</li>
<li>Data Aset Rusak Berat BPBUMD</li>
<li>Rencana Kerja BPBUMD</li>
<li>Surat Perizinan dengan Pihak Ketiga</li>
<li>Surat-menyurat dalam Rangka Pelaksanaan Tugas Pokok dan Fungsi</li>
<li>Data Realisasi Pencairan Penyertaan Modal Daerah pada BUMD dan Perusahaan Patungan</li>
<li>Dokumen Proses Pengadaan Barang dan Jasa</li>
<li>Data Realisasi Penyetoran Dividen dari BUMD dan Perusahaan Patungan</li>
</ul>
</div>
<div class=""heading-text heading-line"">
<h5>INFORMASI YANG WAJIB DIUMUMKAN SECARA SERTA MERTA</h5>
<ul>
<li>Tidak Ada</li>
</ul>
</div>",,1,"2022-09-01 03:32:58","2023-07-21 17:08:16",daftar-informasi-publik,"Daftar Informasi Publik BPBUMD DKI Jakarta",NULL,,,,NULL
7,"BADAN PEMBINAAN BADAN USAHA MILIK DAERAH (BPBUMD)","<h4>Tentang BPBUMD</h4>
<h2>BADAN PEMBINAAN BADAN USAHA MILIK DAERAH (BPBUMD)</h2>
<p class=""lead"">Mempunyai tugas menyelenggarakan fungsi penunjang urusan pemerintah di bidang keuangan pada sub bidang pembinaan BUMD</p>
<p>Kompleks Balaikota Blok H Lantai 17, Jl. Medan Merdeka Selatan No. 8-9, Kota Jakarta Pusat, Daerah Khusus Ibukota Jakarta 10110<br /><br /> (021) 3822076<br /> bpbumd@jakarta.go.id</p>
<p><a class=""btn btn-dark btn-outline btn-roundeded"" href=""https://bpbumd.jakarta.go.id/web/tupoksi"">Lihat Selengkapnya</a></p>",,1,"2022-09-01 03:40:47","2022-09-01 03:41:27",homepage,"Layanan Informasi Publik","Nyok, ajuin permohonan informasi untuk mendapatkan info yang kamu mau.",,,,NULL
8,"Tata Cara Permohonan Informasi","<div class=""row"">
<div class=""col-lg-8"">
<div class=""accordion toggle fancy clean accordion-transparent"">
<div class=""ac-item active ac-active"">
<h5 class=""ac-title"">Permohonan Informasi Secara Langsung</h5>
<div class=""ac-content"">
<ul class=""list-icon list-icon-arrow-circle list-icon-colored"">
<li>Pemohon Informasi Publik Mendatangi secara langsung Gedung BPBUMD di Kompleks Balaikota Blok H Lantai 17, Jl. Medan Merdeka Selatan No.8-9, Jakarta Pusat 10110</li>
<li>Dalam memberikan layanan informasi kepada pemohon informasi publik, PPID menetapkan waktu pemberian layanan publik. Penyelenggaraan pelayanan informasi publik di lingkungan BPBUMD dilaksanakan pada: <br /><br /><strong> Senin s/d Kamis : 09.00 -15.00 WIB (Istirahat 12.00-13.00 WIB <br />Jumat : 09.00 -15.00 WIB (Istirahat 11.00-13.00 WIB)</strong></li>
</ul>
</div>
</div>
<div class=""ac-item "">
<h5 class=""ac-title"">Permohonan Informasi Publis Secara Tidak Langsung</h5>
<div class=""ac-content"">
<ul class=""list-icon list-icon-arrow-circle list-icon-colored"">
<li>Portal Publik (Website)<br />Pemohon dapat mengunduh formulir yang tersedia pada website BPBUMD pada alamat link berikut <a class=""btn btn-default"">UNDUH FORMULIR</a></li>
<li>Surat Electronic (Email)<br />Pemohon dapat menyampaikan permohonan melalui email yang dikirim melalui bpbumd@jakarta.go.id dengan melampirkan kelengkapan identitas pemohon informasi publik yang telah ditentukan.</li>
<li>Telepon <br />Pemohon informasi dapat mengajukan permohonan melalui nomor telepon (021) 3822076</li>
<li>Surat<br />Pemohon dapat mengajukan permohonan melalui surat yang ditujukan kepada Pejabat Pengelola Informasi dan Dokumentasi (PPID) BPBUMD, Kompleks Balaikota Blok H Lantai 17, Jl. Medan Merdeka Selatan No.8-9, Jakarta Pusat 10110.</li>
</ul>
</div>
</div>
<div class=""ac-item "">
<h5 class=""ac-title"">Persyaratan Permohonan Informasi Publik</h5>
<div class=""ac-content"">
<ul class=""list-icon list-icon-arrow-circle list-icon-colored"">
<li>Perseorangan <br />a. Fotocopy Identitas Diri (KTP/SIM/NPWP/Paspor)<br />b. Lampiran Formulir Permohonan Informasi Publik</li>
<li>Organisasi / Badan Publik / Lembaga / Perusahaan <br />a. Fotocopy Identitas Diri (KTP/SIM/NPWP/Akta Perusahaan)<br />b. Surat/Lampiran Formulir Permohonan Informasi Publik</li>
</ul>
</div>
</div>
</div>
</div>
<div class=""col-lg-4"">
<div class=""text-small"">Form Permohonan Informasi</div>
<p>Setiap Pemohon Informasi <strong>WAJIB</strong> melengkapi data diri berupa:</p>
<ul class=""list-icon list-icon-caret list-icon-colored"">
<li>Copy KTP bagi individu</li>
<li>Surat Kuasa bagi perwakilan kelompok</li>
<li>Copy Anggaran Dasar bila pemohon informasi adalah sebuah Organisasi</li>
</ul>
<p>Beserta permohonan tertulis dengan alasan dan tujuan penggunaan informasi sebenar-benarnya<br />Input Formulir : <a class=""btn btn-default btn-xs"" href=""/web/permohonan-informasi"">Formulir Permohonan Informasi Publik</a></p>
</div>
</div>","{""thumbnail"":{""url"":""\/pics\/user\/2023\/09\/15\/14\/19\/50x50_crop\/lMyz5fz8tq92vDwR.png"",""height"":50,""width"":50},""xsmall"":{""url"":""\/pics\/user\/2023\/09\/15\/14\/19\/160x120\/lMyz5fz8tq92vDwR.png"",""height"":120,""width"":160},""small"":{""url"":""\/pics\/user\/2023\/09\/15\/14\/19\/240x180\/lMyz5fz8tq92vDwR.png"",""height"":180,""width"":240},""profile"":{""url"":""\/pics\/user\/2023\/09\/15\/14\/19\/300x300_crop\/lMyz5fz8tq92vDwR.png"",""height"":300,""width"":300},""medium"":{""url"":""\/pics\/user\/2023\/09\/15\/14\/19\/640x480\/lMyz5fz8tq92vDwR.png"",""height"":480,""width"":640},""large"":{""url"":""\/pics\/user\/2023\/09\/15\/14\/19\/800x600\/lMyz5fz8tq92vDwR.png"",""height"":600,""width"":800},""original"":{""url"":""\/pics\/user\/2023\/09\/15\/14\/19\/lMyz5fz8tq92vDwR.png"",""height"":null,""width"":null}}",1,"2022-09-01 03:47:37","2024-08-09 12:53:16",tata-cara-permohonan-informasi,"Informasi Mengenai Tata Cara Permohonan Informasi",NULL,,,,NULL
9,"Informasi yang Wajib Disediakan dan Diumumkan Secara Berkala","<h2>Pilih Dokumen</h2>
<div class=""dropdown"" style=""margin-bottom: 10px;""><button onclick=""toggleDropdown('perkin')"" style=""border: none; background: none;"">Perkin Kepala Perangkat Daerah</button>
<ul id=""perkin"" class=""dropdown-content"" style=""display: none;"">
<li><a href=""/uploads/perkin_kepala_perangkat_daerah_tahun_2022.pdf"" target=""_blank"" rel=""noopener"">Perkin Kepala Perangkat Daerah Tahun 2022</a></li>
<li><a href=""/dok/PerkinKaban.pdf"" target=""_blank"" rel=""noopener"">Perkin Kepala Perangkat Daerah Tahun 2023</a></li>
<li><a href=""/dok/perkin_kepala_perangkat_daerah_tahun_2025.pdf"" target=""_blank"" rel=""noopener"">Perkin Kepala Perangkat Daerah Tahun 2025</a></li>
</ul>
</div>
<p></p>
<div class=""dropdown"" style=""margin-bottom: 10px;""><a href=""/web/tupoksi""><button style=""border: none; background: none;"">Tugas Pokok dan Fungsi BPBUMD</button></a></div>
<p></p>
<div class=""dropdown"" style=""margin-bottom: 10px;""><a href=""/web/struktur-organisasi""><button style=""border: none; background: none;"">Struktur Organisasi BPBUMD</button></a></div>
<p></p>
<div class=""dropdown"" style=""margin-bottom: 10px;""><a href=""/web/pejabat""><button style=""border: none; background: none;"">Daftar Pejabat Struktural dan Fungsional BPBUMD</button></a></div>
<p></p>
<div class=""dropdown"" style=""margin-bottom: 10px;""><button onclick=""toggleDropdown('renstra')"" style=""border: none; background: none;"">Rencana Strategis BPBUMD</button>
<ul id=""renstra"" class=""dropdown-content"" style=""display: none;"">
<li><a href=""/web/rencana-strategis"">Rencana Strategis BPBUMD Tahun 2017 - 2022</a></li>
<li><a href=""/dok/RenstraBPBUMDTahun2023-2026.pdf"" target=""_blank"" rel=""noopener"">Rencana Strategis BPBUMD Tahun 2023 - 2026</a></li>
</ul>
</div>
<p></p>
<div class=""dropdown"" style=""margin-bottom: 10px;""><button onclick=""toggleDropdown('lakip')"" style=""border: none; background: none;"">LAKIP BPBUMD</button>
<ul id=""lakip"" class=""dropdown-content"" style=""display: none;"">
<li><a href=""/dok/LAPORAN_LAKIP_BPBUMD_2021_Final.pdf"" target=""_blank"" rel=""noopener"">LAKIP BPBUMD Tahun 2021</a></li>
<li><a href=""/dok/LKIP_BPBUMD_Tahun_2022[1].pdf"" target=""_blank"" rel=""noopener"">LAKIP BPBUMD Tahun 2022</a></li>
<li><a href=""/dok/LAPORAN LAKIP BPBUMD Tahun 2023 Fix.pdf"" target=""_blank"" rel=""noopener"">LAKIP BPBUMD Tahun 2023</a></li>
<li><a href=""/dok/LAKIP BPBUMD Tahun 2024.pdf"" target=""_blank"" rel=""noopener"">LAKIP BPBUMD Tahun 2024</a></li>
</ul>
</div>
<p></p>
<div class=""dropdown"" style=""margin-bottom: 10px;""><button onclick=""toggleDropdown('keuangan')"" style=""border: none; background: none;"">Laporan Keuangan BPBUMD</button>
<ul id=""keuangan"" class=""dropdown-content"" style=""display: none;"">
<li><a href=""/dok/Laporan-Keuangan-BPBUMD-2020.pdf"" target=""_blank"" rel=""noopener"">Laporan Keuangan BPBUMD 2020</a></li>
<li><a href=""/dok/Laporan-Keuangan-BPBUMD-2021.pdf"" target=""_blank"" rel=""noopener"">Laporan Keuangan BPBUMD 2021</a></li>
<li><a href=""/dok/Laporan-Keuangan-BPBUMD-2022.pdf"" target=""_blank"" rel=""noopener"">Laporan Keuangan BPBUMD 2022</a></li>
<li><a href=""/dok/Laporan Keuangan BPBUMD 2023.pdf"" target=""_blank"" rel=""noopener"">Laporan Keuangan BPBUMD 2023</a></li>
<li><a href=""/dok/Laporan Keuangan BPBUMD 2024.pdf"" target=""_blank"" rel=""noopener"">Laporan Keuangan BPBUMD 2024</a></li>
</ul>
</div>
<p></p>
<div class=""dropdown"" style=""margin-bottom: 10px;""><button onclick=""toggleDropdown('perubahan-rka')"" style=""border: none; background: none;"">Rencana Kerja dan Anggaran</button>
<ul id=""perubahan-rka"" class=""dropdown-content"" style=""display: none;"">
<li><a href=""/dok/PerubahanRKABPBUMDTahun2023.pdf"" target=""_blank"" rel=""noopener"">Perubahan RKA BPBUMD Tahun 2023</a></li>
<li><a href=""/dok/Perubahan RKA BPBUMD Tahun 2024.pdf"" target=""_blank"" rel=""noopener"">Perubahan RKA BPBUMD Tahun 2024</a></li>
<li><a href=""/dok/Perubahan RKA BPBUMD Tahun 2025.pdf"" target=""_blank"" rel=""noopener"">Perubahan RKA BPBUMD Tahun 2025</a></li>
</ul>
</div>
<p></p>
<div class=""dropdown"" style=""margin-bottom: 10px;""><button onclick=""toggleDropdown('perubahan-dpa')"" style=""border: none; background: none;"">Dokumen Pelaksanaan Anggaran</button>
<ul id=""perubahan-dpa"" class=""dropdown-content"" style=""display: none;"">
<li><a href=""/dok/P%20DPA%20BPBUMD%202022.pdf"" target=""_blank"" rel=""noopener"">Perubahan DPA BPBUMD Tahun 2022</a></li>
<li><a href=""/dok/Perubahan DPA BPBUMD Tahun 2023.pdf"" target=""_blank"" rel=""noopener"">Perubahan DPA BPBUMD Tahun 2023</a></li>
<li><a href=""/dok/Perubahan DPA BPBUMD Tahun 2024.pdf"" target=""_blank"" rel=""noopener"">Perubahan DPA BPBUMD Tahun 2024</a></li>
<li><a href=""/dok/Perubahan DPA BPBUMD Tahun 2025.pdf"" target=""_blank"" rel=""noopener"">Perubahan DPA BPBUMD Tahun 2025</a></li>
</ul>
</div>
<p></p>
<div class=""dropdown"" style=""margin-bottom: 10px;""><button onclick=""toggleDropdown('program-kegiatan')"" style=""border: none; background: none;"">Program dan Kegiatan BPBUMD</button>
<ul id=""program-kegiatan"" class=""dropdown-content"" style=""display: none;"">
<li><a href=""/dok/DPPA%20BPBUMD%20Tahun%202021%20Final.pdf"" target=""_blank"" rel=""noopener"">Program dan Kegiatan BPBUMD Tahun 2021</a></li>
<li><a href=""/dok/Perubahan_DPA_BPBUMD_Tahun_2023[1].pdf"" target=""_blank"" rel=""noopener"">Program dan Kegiatan BPBUMD Tahun 2023</a></li>
<li><a href=""/dok/Program_dan_Kegiatan_BPBUMD_Tahun_2024.pdf"" target=""_blank"" rel=""noopener"">Program dan Kegiatan BPBUMD Tahun 2024</a></li>
</ul>
</div>
<p></p>
<div class=""dropdown"" style=""margin-bottom: 10px;""><a href=""https://publik.bapedadki.net/ringkasan_skpd/1040/1040/belanja"" target=""_blank"" rel=""noopener""><button style=""border: none; background: none;"">Data Program dan Kegiatan</button></a></div>
<p></p>
<div class=""dropdown"" style=""margin-bottom: 10px;""><button onclick=""toggleDropdown('layanan-informasi')"" style=""border: none; background: none;"">Laporan Layanan Informasi Publik BPBUMD</button>
<ul id=""layanan-informasi"" class=""dropdown-content"" style=""display: none;"">
<li><a href=""https://ppid.jakarta.go.id/detail/257/6415"" target=""_blank"" rel=""noopener"">Laporan Pelayanan Permintaan Informasi Publik 2020</a></li>
<li><a href=""/dok/Surat Penyampaian Laporan Pelayanan Permintaan Informasi Publik 2023 PPID_sign.pdf"" target=""_blank"" rel=""noopener"">Laporan Pelayanan Permintaan Informasi Publik 2023</a></li>
<li><a href=""/dok/Surat Penyampaian Laporan Pelayanan Permintaan Informasi Publik 2024 PPID.pdf"" target=""_blank"" rel=""noopener"">Laporan Pelayanan Permintaan Informasi Publik 2024</a></li>
</ul>
</div>
<p></p>
<div class=""dropdown"" style=""margin-bottom: 10px;""><a href=""/web/tata-cara-permohonan-informasi"" target=""_blank"" rel=""noopener""><button style=""border: none; background: none;"">Prosedur Permohonan Informasi Publik</button></a></div>
<p></p>
<div class=""dropdown"" style=""margin-bottom: 10px;""><a href=""/dok/Rekap SIRUP 2025.pdf"" target=""_blank"" rel=""noopener""><button style=""border: none; background: none;"">Rencana Umum Pengadaan Barang dan Jasa</button></a></div>
<p></p>
<div class=""dropdown"" style=""margin-bottom: 10px;""><button onclick=""toggleDropdown('LHKPN')"" style=""border: none; background: none;"">Laporan Harta Kekayaan Penyelenggara Negara </button>
<table id=""LHKPN"" class=""dropdown-content"" style=""display: none; width: 100%; border-collapse: collapse; border-spacing: 0 15px;"">
<tbody>
<tr>
<th style=""padding: 5px 10px; width: 5%;"">No.</th>
<th style=""padding: 5px 10px; width: 25%;"">Nama</th>
<th style=""padding: 5px 10px; width: 70%;"">Jabatan</th>
</tr>
<tr>
<td style=""padding: 5px 10px;"">1</td>
<td style=""padding: 5px 10px;""><a href=""/dok/Pengumuman_Harta_Kekayaan_LHKPN_Syaefuloh Hidayat.pdf"" target=""_blank"" rel=""noopener"">Syaefuloh Hidayat</a></td>
<td style=""padding: 5px 10px;""><a href=""/dok/Pengumuman_Harta_Kekayaan_LHKPN_Syaefuloh Hidayat.pdf"" target=""_blank"" rel=""noopener"">Kepala Badan</a></td>
</tr>
<tr>
<td style=""padding: 5px 10px;"">2</td>
<td style=""padding: 5px 10px;""><a href=""/dok/Pengumuman_Harta_Kekayaan_LHKPN_483849 Ibu Fitria.pdf"" target=""_blank"" rel=""noopener"">Fitria Rahadiani</a></td>
<td style=""padding: 5px 10px;""><a href=""/dok/Pengumuman_Harta_Kekayaan_LHKPN_483849 Ibu Fitria.pdf"" target=""_blank"" rel=""noopener"">Sekretaris Badan</a></td>
</tr>
<tr>
<td style=""padding: 5px 10px;"">3</td>
<td style=""padding: 5px 10px;""><a href=""/dok/Pengumuman_Harta_Kekayaan_LHKPN_Memi Mundari.pdf"" target=""_blank"" rel=""noopener"">Memi Mundari Pernithasari</a></td>
<td style=""padding: 5px 10px;""><a href=""/dok/Pengumuman_Harta_Kekayaan_LHKPN_Memi Mundari.pdf"" target=""_blank"" rel=""noopener"">Kepala Bidang Usaha Transportasi, Properti, dan Keuangan</a></td>
</tr>
<tr>
<td style=""padding: 5px 10px;"">4</td>
<td style=""padding: 5px 10px;""><a href=""/dok/Pengumuman_Harta_Kekayaan_LHKPN_Budi Purnama.pdf"" target=""_blank"" rel=""noopener"">Budi Purnama</a></td>
<td style=""padding: 5px 10px;""><a href=""/dok/PPengumuman_Harta_Kekayaan_LHKPN_Budi Purnama.pdf"" target=""_blank"" rel=""noopener"">Kepala Bidang Usaha Infrastruktur, Pariwisatan, dan Kawasan</a></td>
</tr>
<tr>
<td style=""padding: 5px 10px;"">5</td>
<td style=""padding: 5px 10px;""><a href=""/dok/Pengumuman_Harta_Kekayaan_LHKPN_Thomas.pdf"" target=""_blank"" rel=""noopener"">Thomas</a></td>
<td style=""padding: 5px 10px;""><a href=""/dok/Pengumuman_Harta_Kekayaan_LHKPN_Thomas.pdf"" target=""_blank"" rel=""noopener"">Kepala Bidang Usaha Pangan, Utilitas, Perpasaran dan Industri</a></td>
</tr>
<tr>
<td style=""padding: 5px 10px;"">6</td>
<td style=""padding: 5px 10px;""><a href=""/dok/Pengumuman_Harta_Kekayaan_LHKPN_Wahyudi.pdf"" target=""_blank"" rel=""noopener"">Wahyudi</a></td>
<td style=""padding: 5px 10px;""><a href=""/dok/Pengumuman_Harta_Kekayaan_LHKPN_Wahyudi.pdf"" target=""_blank"" rel=""noopener"">Kepala Pusat Kebijakan Strategis dan Pelayanan BUMD</a></td>
</tr>
<tr>
<td style=""padding: 5px 10px;"">7</td>
<td style=""padding: 5px 10px;""><a href=""/dok/Pengumuman_Harta_Kekayaan_LHKPN_Rio Apriyanto.pdf"" target=""_blank"" rel=""noopener"">Rio Apriyanto</a></td>
<td style=""padding: 5px 10px;""><a href=""/dok/Pengumuman_Harta_Kekayaan_LHKPN_Rio Apriyanto.pdf"" target=""_blank"" rel=""noopener"">Kepala Subbagian Umum dan Kepegawaian</a></td>
</tr>
<tr>
<td style=""padding: 5px 10px;"">8</td>
<td style=""padding: 5px 10px;""><a href=""/dok/Pengumuman_Harta_Kekayaan_LHKPN_Eka Permatahati.pdf"" target=""_blank"" rel=""noopener"">Eka Permatahati</a></td>
<td style=""padding: 5px 10px;""><a href=""/dok/Pengumuman_Harta_Kekayaan_LHKPN_Eka Permatahati.pdf"" target=""_blank"" rel=""noopener"">Kepala Subbagian Tata Usaha Pusat Kebijakan Strategis dan Pelayanan BUMD</a></td>
</tr>
<tr>
<td style=""padding: 5px 10px;"">9</td>
<td style=""padding: 5px 10px;""><a href=""/dok/Pengumuman_Harta_Kekayaan_LHKPN_Saloko Salasanto.pdf"" target=""_blank"" rel=""noopener"">Saloko Salasanto</a></td>
<td style=""padding: 5px 10px;""><a href=""/dok/Pengumuman_Harta_Kekayaan_LHKPN_Saloko Salasanto.pdf"" target=""_blank"" rel=""noopener"">Bendahara</a></td>
</tr>
</tbody>
</table>
</div>",,1,"2023-09-15 19:40:41","2025-10-27 16:14:55",Informasi-yang-wajib-disediakan-dan-diumumkan-secara-berkala,"Informasi yang Wajib Disediakan dan Diumumkan Secara Berkala",NULL,"Informasi yang Wajib Disediakan dan Diumumkan Secara Berkala","informasi, sibumd","Informasi yang Wajib Disediakan dan Diumumkan Secara Berkala",NULL
10,"Informasi Yang Wajib Tersedia Setiap Saat","<ul>
<li>Data Umum Kepegawaian BPUMD</li>
<li>Data Aset Tetap KIB B BPBUMD</li>
<li>Data Aset Tidak Berwujud BPBUMD</li>
<li>Data Aset Rusak Berat BPBUMD</li>
<li>Rencana Kerja BPBUMD</li>
<li>Surat Perizinan dengan Pihak Ketiga</li>
<li>Surat-menyurat dalam Rangka Pelaksanaan Tugas Pokok dan Fungsi</li>
<li>Data Realisasi Pencairan Penyertaan Modal Daerah pada BUMD dan Perusahaan Patungan</li>
<li>Dokumen Proses Pengadaan Barang dan Jasa</li>
<li>Data Realisasi Penyetoran Dividen dari BUMD dan Perusahaan Patungan</li>
</ul>",,1,"2023-09-15 19:41:34","2023-09-15 19:41:34",informasi-yang-wajib-tersedia-setiap-saat,"Informasi Yang Wajib Tersedia Setiap Saat",NULL,informasi-yang-wajib-tersedia-setiap-saat,informasi-yang-wajib-tersedia-setiap-saat,informasi-yang-wajib-tersedia-setiap-saat,NULL
11,"Informasi Yang Wajib Diumumkan Secara Serta-merta",<p>-</p>,,1,"2023-09-15 19:42:19","2023-09-15 19:42:19",informasi-yang-wajib-diumumkan-secara-serta-merta,-,NULL,informasi-yang-wajib-diumumkan-secara-serta-merta,informasi-yang-wajib-diumumkan-secara-serta-merta,informasi-yang-wajib-diumumkan-secara-serta-merta,NULL
12,"Maklumat Layanan",<p>-</p>,"{""thumbnail"":{""url"":""\/pics\/user\/2023\/10\/05\/10\/48\/50x50_crop\/5lX3XMM7xN4TipHs.jpeg"",""height"":50,""width"":50},""xsmall"":{""url"":""\/pics\/user\/2023\/10\/05\/10\/48\/160x120\/5lX3XMM7xN4TipHs.jpeg"",""height"":120,""width"":160},""small"":{""url"":""\/pics\/user\/2023\/10\/05\/10\/48\/240x180\/5lX3XMM7xN4TipHs.jpeg"",""height"":180,""width"":240},""profile"":{""url"":""\/pics\/user\/2023\/10\/05\/10\/48\/300x300_crop\/5lX3XMM7xN4TipHs.jpeg"",""height"":300,""width"":300},""medium"":{""url"":""\/pics\/user\/2023\/10\/05\/10\/48\/640x480\/5lX3XMM7xN4TipHs.jpeg"",""height"":480,""width"":640},""large"":{""url"":""\/pics\/user\/2023\/10\/05\/10\/48\/800x600\/5lX3XMM7xN4TipHs.jpeg"",""height"":600,""width"":800},""original"":{""url"":""\/pics\/user\/2023\/10\/05\/10\/48\/5lX3XMM7xN4TipHs.jpeg"",""height"":null,""width"":null}}",1,"2023-09-15 19:42:53","2023-10-06 00:10:49",maklumat-layanan,-,NULL,maklumat-layanan,maklumat-layanan,maklumat-layanan,NULL
13,"Prosedur Permohonan Informasi",<p>-</p>,"{""thumbnail"":{""url"":""\/pics\/user\/2023\/09\/15\/05\/05\/50x50_crop\/qsN74L8FqLUsMd5I.png"",""height"":50,""width"":50},""xsmall"":{""url"":""\/pics\/user\/2023\/09\/15\/05\/05\/160x120\/qsN74L8FqLUsMd5I.png"",""height"":120,""width"":160},""small"":{""url"":""\/pics\/user\/2023\/09\/15\/05\/05\/240x180\/qsN74L8FqLUsMd5I.png"",""height"":180,""width"":240},""profile"":{""url"":""\/pics\/user\/2023\/09\/15\/05\/05\/300x300_crop\/qsN74L8FqLUsMd5I.png"",""height"":300,""width"":300},""medium"":{""url"":""\/pics\/user\/2023\/09\/15\/05\/05\/640x480\/qsN74L8FqLUsMd5I.png"",""height"":480,""width"":640},""large"":{""url"":""\/pics\/user\/2023\/09\/15\/05\/05\/800x600\/qsN74L8FqLUsMd5I.png"",""height"":600,""width"":800},""original"":{""url"":""\/pics\/user\/2023\/09\/15\/05\/05\/qsN74L8FqLUsMd5I.png"",""height"":null,""width"":null}}",1,"2023-09-15 19:43:23","2023-09-15 20:05:05",prosedur-permohonan-informasi,-,NULL,prosedur-permohonan-informasi,prosedur-permohonan-informasi,prosedur-permohonan-informasi,NULL
14,"Prosedur Pengajuan Keberatan","<h2 style=""margin-top: 0px;"">PENGAJUAN KEBERATAN INFORMASI PUBLIK</h2>
<p><strong>Mekanisme Pengajuan Keberatan</strong><br />&nbsp;</p>
<ul>
<li>Pemohon informasi publik dapat mengajukan keberatan secara tertulis atau mengisi formulir <a href=""/web/form-pengajuan-keberatan"">Formulir Pengajuan Keberatan</a> kepada Atasan PPID paling lambat 30 (tiga puluh) hari kerja setelah ditemukannya alasan sebagai berikut:
<ul>
<li>penolakan atas permohonan informasi publik;</li>
<li>tidak disediakannya informasi berkala;</li>
<li>tidak ditanggapinya permohonan informasi publik;</li>
<li>permohonan informasi publik ditanggapi tidak sebagaimana yang diminta;</li>
<li>tidak dipenuhinya permohonan informasi publik;</li>
<li>pengenaan biaya yang tidak wajar; dan/atau</li>
<li>penyampaian informasi publik yang melebihi waktu yang diatur dalam peraturan perundang-undangan.</li>
</ul>
</li>
</ul>
<ul>
<li>Dalam hal pengajuan keberatan disampaikan secara tidak tertulis, Tim Sekretariat PPID mengarahkan Pemohon Informasi Publik yang mengajukan keberatan atau pihak penerima kuasa untuk mengisi formulir keberatan sesuai format</li>
<li>Dalam &nbsp;mengajukan keberatan, pemohon wajib menyertakan identitas pemohon yang sah sebagaimana syarat dalam permohonan informasi</li>
<li>Pemohon Keberatan harus menyertakan dokumen sebagai berikut:</li>
</ul>
<p>&nbsp; &nbsp; &nbsp; &nbsp; &nbsp; &nbsp; a) Surat tanggapan/jawaban permohonan informasi dari PPID<br />&nbsp; &nbsp; &nbsp; &nbsp; &nbsp; &nbsp; b) Formulir tanda terima permohonan informasi (dalam hal tidak ditanggapinya permohonan informasi)</p>
<ul>
<li>Tim Sekretariat PPID wajib memberikan salinan formulir keberatan disertai nomor registrasi keberatan kepada Pemohon Informasi Publik yang mengajukan keberatan atau kuasanya sebagai tanda terima pengajuan keberatan.</li>
</ul>
<p>&nbsp;<br />Pengajuan sengketa informasi publik ke Komisi Informasi diajukan Pemohon Informasi publik selambat-lambatnya 14 HARI KERJA sejak diterimanya tanggapan tertulis atas surat keberatan pemohon informasi publik kepada atasan PPID badan publik atau berakhirnya masa 30 HARI KERJA bagi atasan PPID badan publik untuk memberikan tanggapan secara tertulis atas surat keberatan dari pemohon informasi publik;</p>
<ul>
<li>Pengajuan sengketa informasi publik baik oleh perorangan, badan hukum ataupun kelompok orang bisa diajukan dengan cara mendatangi langsung kantor komisi informasi dan menemui petugas administrasi-pengaduan dan penyelesaian sengketa informasi ataupun mengajukan permohonan sengketa informasi publik secara online seperti email;</li>
</ul>
<ul>
<li>Pemohon sengketa informasi publik wajib melengkapi berkas permohonan pengajuan sengketa informasi publik sebelum mendapatkan nomor registrasi/akta registrasi sengketa informasi publik dari petugas kepaniteraan komisi informasi;
<ul>
<li>Pemohon mengisi Form Permohonan Penyelesaian Sengketa Informasi yang telah disediakan petugas;</li>
<li>Membawa bukti surat permohonan informasi kepada Badan Publik dan tanda terimanya;</li>
<li>Membawa bukti jawaban permohonan informasi dari Badan Publik beserta tanda terimanya (jika ada);</li>
<li>Membawa bukti pengajuan keberatan kepada Badan Publik dan tanda terimanya;</li>
<li>&nbsp;Membawa bukti jawaban keberatan dari Badan Publik beserta tanda terimanya (jika ada);</li>
<li>Membawa bukti identitas (Identitas yang sah yaitu fotokopi Kartu Tanda Penduduk, Paspor atau identitas lain yang sah yang dapat membuktikan Pemohon adalah warga negara Indonesia; atau 2. anggaran dasar yang telah disahkan oleh Menteri Hukum dan Hak Asasi Manusia dan telah tercatat di Berita Negara Republik Indonesia dalam hal Pemohon adalah Badan Hukum. 3. Surat kuasa dan fotokopi Kartu Tanda Penduduk pemberi kuasa dalam hal Pemohon mewakili kelompok orang).</li>
</ul>
</li>
</ul>
<ul>
<li>Setelah permohonan sengketa informasi publik mendapatkan nomor registrasi atau akta registrasi maka 14 hari kerja setelahnya komisi informasi mulai melakukan proses penyelesaian sengketa informasi publik dengan di awali melakukan pemanggilan secara patut kepada pemohon dan termohon untuk menghadiri sidang ajudikasi non litigasi tahap pemeriksaan awal</li>
</ul>","{""thumbnail"":{""url"":""\/pics\/user\/2023\/09\/15\/45\/21\/50x50_crop\/TRsrnEoffIvXxlKr.png"",""height"":50,""width"":50},""xsmall"":{""url"":""\/pics\/user\/2023\/09\/15\/45\/21\/160x120\/TRsrnEoffIvXxlKr.png"",""height"":102,""width"":160},""small"":{""url"":""\/pics\/user\/2023\/09\/15\/45\/21\/240x180\/TRsrnEoffIvXxlKr.png"",""height"":152,""width"":240},""profile"":{""url"":""\/pics\/user\/2023\/09\/15\/45\/21\/300x300_crop\/TRsrnEoffIvXxlKr.png"",""height"":300,""width"":300},""medium"":{""url"":""\/pics\/user\/2023\/09\/15\/45\/21\/640x480\/TRsrnEoffIvXxlKr.png"",""height"":406,""width"":640},""large"":{""url"":""\/pics\/user\/2023\/09\/15\/45\/21\/800x600\/TRsrnEoffIvXxlKr.png"",""height"":461,""width"":726},""original"":{""url"":""\/pics\/user\/2023\/09\/15\/45\/21\/TRsrnEoffIvXxlKr.png"",""height"":null,""width"":null}}",1,"2023-09-15 19:43:56","2024-08-07 06:52:58",prosedur-pengajuan-keberatan,-,NULL,"Prosedur Pengajuan Keberatan","Prosedur Pengajuan Keberatan","Prosedur Pengajuan Keberatan",NULL
15,"Biaya Layanan","<h5 class=""ac-title"">Ketentuan Biaya</h5>
<div class=""ac-content"">Pelayangan Informasi Publik tidak dipungut biaya. Namun biaya pengadaan atau perekaman yang timbul ditanggung oleh Pemohon Informasi Publik, kecuali untuk informasi yang telah ditentukan biaya Penerimaan Negara Bukan Pajak (PNBP).</div>
<!--  <a href=""#"" class=""btn btn-default"">  
                                            <i class=""icon-arrow-down""> Unduh  </i>   
                                        </a> -->
<div class=""col-lg-4"">&nbsp;</div>
<div class=""col-lg-4""><strong>Waktu Pelayanan Informasi Publik</strong></div>
<p>Senin s/d Kamis : 09.00 -15.00 WIB (Istirahat 12.00-13.00 WIB)<br />Jumat : 09.00 -15.00 WIB (Istirahat 11.00-13.00 WIB)</p>
<p>&nbsp;</p>",,1,"2023-09-15 19:44:17","2023-10-06 00:11:58",biaya-layanan,-,NULL,biaya-layanan,biaya-layanan,biaya-layanan,NULL
16,"Daftar BUMD & Perusahaan Patungan","<h2><span style=""font-size: 24pt;"">DAFTAR BADAN USAHA MILIK DAERAH PROVINSI DKI JAKARTA</span></h2>
<div class=""table-responsive"">
<table class=""table table-bordered"" style=""border-collapse: collapse; width: 86.6953%; height: 411.25px;"">
<thead>
<tr style=""height: 44.7917px;"">
<th style=""text-align: center; width: 6.23562%; height: 44.7917px;""><span style=""font-size: 14pt;"">No</span></th>
<th style=""text-align: center; width: 53.3084%; height: 44.7917px;""><span style=""font-size: 14pt;"">BUMD</span></th>
<th style=""text-align: center; width: 40.4704%; height: 44.7917px;""><span style=""font-size: 14pt;"">Kepemilikan Pemprov DKI Jakarta</span></th>
</tr>
</thead>
<tbody>
<tr style=""height: 26.1285px;"">
<td style=""text-align: center; width: 6.23562%; height: 26.1285px;""><span style=""font-size: 14pt;"">1</span></td>
<td style=""width: 53.3084%; height: 26.1285px;""><span style=""font-size: 14pt;"">Perumda Air Minum Jaya</span></td>
<td style=""text-align: center; width: 40.4704%; height: 26.1285px;""><span style=""font-size: 14pt;"">100.00%</span></td>
</tr>
<tr style=""height: 26.1285px;"">
<td style=""text-align: center; width: 6.23562%; height: 26.1285px;""><span style=""font-size: 14pt;"">2</span></td>
<td style=""width: 53.3084%; height: 26.1285px;""><span style=""font-size: 14pt;"">Perumda Dharma Jaya</span></td>
<td style=""text-align: center; width: 40.4704%; height: 26.1285px;""><span style=""font-size: 14pt;"">100.00%</span></td>
</tr>
<tr style=""height: 26.1285px;"">
<td style=""text-align: center; width: 6.23562%; height: 26.1285px;""><span style=""font-size: 14pt;"">3</span></td>
<td style=""width: 53.3084%; height: 26.1285px;""><span style=""font-size: 14pt;"">Perumda Pasar Jaya</span></td>
<td style=""text-align: center; width: 40.4704%; height: 26.1285px;""><span style=""font-size: 14pt;"">100.00%</span></td>
</tr>
<tr style=""height: 26.7882px;"">
<td style=""text-align: center; width: 6.23562%; height: 26.7882px;""><span style=""font-size: 14pt;"">4</span></td>
<td style=""width: 53.3084%; height: 26.7882px;""><span style=""font-size: 14pt;"">Perumda Pembangunan Sarana Jaya</span></td>
<td style=""text-align: center; width: 40.4704%; height: 26.7882px;""><span style=""font-size: 14pt;"">100.00%</span></td>
</tr>
<tr style=""height: 26.1285px;"">
<td style=""text-align: center; width: 6.23562%; height: 26.1285px;""><span style=""font-size: 14pt;"">5</span></td>
<td style=""width: 53.3084%; height: 26.1285px;""><span style=""font-size: 14pt;"">Perumda Paljaya</span></td>
<td style=""text-align: center; width: 40.4704%; height: 26.1285px;""><span style=""font-size: 14pt;"">100.00%</span></td>
</tr>
<tr style=""height: 26.1285px;"">
<td style=""text-align: center; width: 6.23562%; height: 26.1285px;""><span style=""font-size: 14pt;"">6</span></td>
<td style=""width: 53.3084%; height: 26.1285px;""><span style=""font-size: 14pt;"">PT Food Station Tjipinang Jaya (Perseroda)</span></td>
<td style=""text-align: center; width: 40.4704%; height: 26.1285px;""><span style=""font-size: 14pt;"">99.985%</span></td>
</tr>
<tr style=""height: 26.1285px;"">
<td style=""text-align: center; width: 6.23562%; height: 26.1285px;""><span style=""font-size: 14pt;"">7</span></td>
<td style=""width: 53.3084%; height: 26.1285px;""><span style=""font-size: 14pt;"">PT Pembangunan Jaya Ancol Tbk</span></td>
<td style=""text-align: center; width: 40.4704%; height: 26.1285px;""><span style=""font-size: 14pt;"">72.00%</span></td>
</tr>
<tr style=""height: 26.1285px;"">
<td style=""text-align: center; width: 6.23562%; height: 26.1285px;""><span style=""font-size: 14pt;"">8</span></td>
<td style=""width: 53.3084%; height: 26.1285px;""><span style=""font-size: 14pt;"">PT Jakarta Propertindo (Perseroda)</span></td>
<td style=""text-align: center; width: 40.4704%; height: 26.1285px;""><span style=""font-size: 14pt;"">99.998%</span></td>
</tr>
<tr style=""height: 26.1285px;"">
<td style=""text-align: center; width: 6.23562%; height: 26.1285px;""><span style=""font-size: 14pt;"">9</span></td>
<td style=""width: 53.3084%; height: 26.1285px;""><span style=""font-size: 14pt;"">PT Bank DKI</span></td>
<td style=""text-align: center; width: 40.4704%; height: 26.1285px;""><span style=""font-size: 14pt;"">99.98%</span></td>
</tr>
<tr style=""height: 26.1285px;"">
<td style=""text-align: center; width: 6.23562%; height: 26.1285px;""><span style=""font-size: 14pt;"">10</span></td>
<td style=""width: 53.3084%; height: 26.1285px;""><span style=""font-size: 14pt;"">PT Jakarta Tourisindo (Perseroda)</span></td>
<td style=""text-align: center; width: 40.4704%; height: 26.1285px;""><span style=""font-size: 14pt;"">99.57%</span></td>
</tr>
<tr style=""height: 26.1285px;"">
<td style=""text-align: center; width: 6.23562%; height: 26.1285px;""><span style=""font-size: 14pt;"">11</span></td>
<td style=""width: 53.3084%; height: 26.1285px;""><span style=""font-size: 14pt;"">PT MRT Jakarta (Perseroda)</span></td>
<td style=""text-align: center; width: 40.4704%; height: 26.1285px;""><span style=""font-size: 14pt;"">99.998%</span></td>
</tr>
<tr style=""height: 26.1285px;"">
<td style=""text-align: center; width: 6.23562%; height: 26.1285px;""><span style=""font-size: 14pt;"">12</span></td>
<td style=""width: 53.3084%; height: 26.1285px;""><span style=""font-size: 14pt;"">PT Transportasi Jakarta</span></td>
<td style=""text-align: center; width: 40.4704%; height: 26.1285px;""><span style=""font-size: 14pt;"">99.70%</span></td>
</tr>
<tr style=""height: 26.1285px;"">
<td style=""text-align: center; width: 6.23562%; height: 26.1285px;""><span style=""font-size: 14pt;"">13</span></td>
<td style=""width: 53.3084%; height: 26.1285px;""><span style=""font-size: 14pt;"">PT Jamkrida Jakarta (Perseroda)</span></td>
<td style=""text-align: center; width: 40.4704%; height: 26.1285px;""><span style=""font-size: 14pt;"">98.75%</span></td>
</tr>
<tr style=""height: 26.1285px;"">
<td style=""text-align: center; width: 6.23562%; height: 26.1285px;""><span style=""font-size: 14pt;"">14</span></td>
<td style=""width: 53.3084%; height: 22.3958px;""><span style=""font-size: 14pt;"">PT Jakarta Industrial Estate Pulogadung (Perseroda)</span></td>
<td style=""text-align: center; width: 40.4704%; height: 22.3958px;""><span style=""font-size: 14pt;"">53.06%</span></td>
</tr>
</tbody>
</table>
</div>
<p></p>
<h2><span style=""font-size: 24pt;"">DAFTAR PERUSAHAAN PATUNGAN PROVINSI DKI JAKARTA</span></h2>
<div class=""table-responsive"">
<table class=""table table-bordered"" style=""width: 86.6953%; height: 246.354px;"">
<thead>
<tr style=""height: 44.7917px;"">
<th style=""text-align: center; width: 6.23562%; height: 44.7917px;""><span style=""font-size: 14pt;"">No</span></th>
<th style=""text-align: center; width: 52.9416%; height: 44.7917px;""><span style=""font-size: 14pt;"">Perusahaan Patungan</span></th>
<th style=""text-align: center; width: 40.8372%; height: 44.7917px;""><span style=""font-size: 14pt;"">Kepemilikan Pemprov DKI Jakarta</span></th>
</tr>
</thead>
<tbody>
<tr style=""height: 22.3958px;"">
<td style=""text-align: center; width: 6.23562%; height: 22.3958px;""><span style=""font-size: 14pt;"">1</span></td>
<td style=""width: 52.9416%; height: 22.3958px;""><span style=""font-size: 14pt;"">PT Pembangunan Jaya</span></td>
<td style=""text-align: center; width: 40.8372%; height: 22.3958px;""><span style=""font-size: 14pt;"">38.80%</span></td>
</tr>
<tr style=""height: 22.3958px;"">
<td style=""text-align: center; width: 6.23562%; height: 22.3958px;""><span style=""font-size: 14pt;"">2</span></td>
<td style=""width: 52.9416%; height: 22.3958px;""><span style=""font-size: 14pt;"">PT Delta Djakarta, Tbk</span></td>
<td style=""text-align: center; width: 40.8372%; height: 22.3958px;""><span style=""font-size: 14pt;"">26.25%</span></td>
</tr>
<tr style=""height: 22.3958px;"">
<td style=""text-align: center; width: 6.23562%; height: 22.3958px;""><span style=""font-size: 14pt;"">3</span></td>
<td style=""width: 52.9416%; height: 22.3958px;""><span style=""font-size: 14pt;"">PT Kawasan Berikat Nusantara</span></td>
<td style=""text-align: center; width: 40.8372%; height: 22.3958px;""><span style=""font-size: 14pt;"">26.85%</span></td>
</tr>
<tr style=""height: 22.3958px;"">
<td style=""text-align: center; width: 6.23562%; height: 22.3958px;""><span style=""font-size: 14pt;"">4</span></td>
<td style=""width: 52.9416%; height: 22.3958px;""><span style=""font-size: 14pt;"">PT Cemani Toka</span></td>
<td style=""text-align: center; width: 40.8372%; height: 22.3958px;""><span style=""font-size: 14pt;"">27.42%</span></td>
</tr>
<tr style=""height: 22.3958px;"">
<td style=""text-align: center; width: 6.23562%; height: 22.3958px;""><span style=""font-size: 14pt;"">5</span></td>
<td style=""width: 52.9416%; height: 22.3958px;""><span style=""font-size: 14pt;"">PT Asuransi Bangun Askrida</span></td>
<td style=""text-align: center; width: 40.8372%; height: 22.3958px;""><span style=""font-size: 14pt;"">4.10%</span></td>
</tr>
<tr style=""height: 22.3958px;"">
<td style=""text-align: center; width: 6.23562%; height: 22.3958px;""><span style=""font-size: 14pt;"">6</span></td>
<td style=""width: 52.9416%; height: 22.3958px;""><span style=""font-size: 14pt;"">PT Jakarta International Expo</span></td>
<td style=""text-align: center; width: 40.8372%; height: 22.3958px;""><span style=""font-size: 14pt;"">13.13%</span></td>
</tr>
<tr style=""height: 22.3958px;"">
<td style=""text-align: center; width: 6.23562%; height: 22.3958px;""><span style=""font-size: 14pt;"">7</span></td>
<td style=""width: 52.9416%; height: 22.3958px;""><span style=""font-size: 14pt;"">PT Pakuan, Tbk</span></td>
<td style=""text-align: center; width: 40.8372%; height: 22.3958px;""><span style=""font-size: 14pt;"">1.11%</span></td>
</tr>
<tr style=""height: 22.3958px;"">
<td style=""text-align: center; width: 6.23562%; height: 22.3958px;""><span style=""font-size: 14pt;"">8</span></td>
<td style=""width: 52.9416%; height: 22.3958px;""><span style=""font-size: 14pt;"">PT Grahasari Suryajaya</span></td>
<td style=""text-align: center; width: 40.8372%; height: 22.3958px;""><span style=""font-size: 14pt;"">8.08%</span></td>
</tr>
</tbody>
</table>
</div>",,1,"2024-08-23 14:28:35","2025-01-23 09:27:14",daftar-bumd-dan-perusahaan-patungan,"Daftar BUMD & Perusahaan Patungan",NULL,"Daftar BUMD & Perusahaan Patungan","Daftar BUMD & Perusahaan Patungan","Daftar BUMD & Perusahaan Patungan",NULL
17,"Profil PPID","<h1><span style=""font-size: 18pt;""><strong>Informasi PPID</strong></span></h1>
<p style=""text-align: justify;""><span style=""font-size: 14pt;"">PPID adalah kepanjangan dari Pejabat Pengelola Informasi dan Dokumentasi, PPID bertanggungjawab melaksanakan layanan Informasi Publik yang meliputi proses penyimpanan, pendokumentasian, penyediaan dan pelayanan Informasi Publik di Badan Publik.</span></p>
<p style=""text-align: justify;""><span style=""font-size: 14pt;""><a href=""https://drive.google.com/file/d/15IL8CaQKHzBIGEaMSA33pmbSDvE2dteg/view?usp=drive_link"" title=""[SK PPID BPBUMD Tahun 2025]"" target=""_blank"" rel=""noopener"">[SK PPID BPBUMD Tahun 2025]</a></span></p>",,1,"2024-09-26 14:40:44","2025-09-24 09:20:29",profil-ppid,"Profil PPID",NULL,profil-ppid,profil-ppid,profil-ppid,NULL
18,"Visi dan Misi PPID","<h2 style=""line-height: 1.4;""><span style=""font-size: 18pt; font-family: arial, helvetica, sans-serif;"">Visi PPID:</span></h2>
<p class=""fontwebprofil"" style=""line-height: 1.4;""><span style=""font-size: 14pt; font-family: arial, helvetica, sans-serif;""><span class=""OYPEnA font-feature-liga-off font-feature-clig-off font-feature-calt-off text-decoration-none text-strikethrough-none"">Terlaksananya keterbukaan informasi publik yang berkualitas dalam rangka mendukung terwujudnya tata kelola pemerintahan yang baik <em>(</em></span><em><span class=""OYPEnA font-feature-liga-off font-feature-clig-off font-feature-calt-off text-decoration-none text-strikethrough-none"">good governance</span></em><span class=""OYPEnA font-feature-liga-off font-feature-clig-off font-feature-calt-off text-decoration-none text-strikethrough-none""><em>)</em> dalam pembinaan BUMD dan tata kelola perusahaan yang baik <em>(</em></span><em><span class=""OYPEnA font-feature-liga-off font-feature-clig-off font-feature-calt-off text-decoration-none text-strikethrough-none"">good corporate governance</span></em><span class=""OYPEnA font-feature-liga-off font-feature-clig-off font-feature-calt-off text-decoration-none text-strikethrough-none""><em>)</em> dalam pengelolaan BUMD.</span></span></p>
<p class=""fontwebprofil"" style=""line-height: 1.4;""></p>
<p class=""fontwebprofil"" style=""line-height: 1.4;""></p>
<h2 style=""line-height: 1.4;""><span style=""font-size: 18pt; font-family: arial, helvetica, sans-serif;"">Misi PPID:</span></h2>
<ol>
<li style=""line-height: 1.4;""><span style=""font-size: 14pt; font-family: arial, helvetica, sans-serif;"">Melaksanakan layanan informasi publik yang berkualitas dan sesuai ketentuan peraturan perundang-undangan.</span></li>
<li style=""line-height: 1.4;""><span style=""font-size: 14pt; font-family: arial, helvetica, sans-serif;"">Mengoptimalkan penggunaan sarana dan prasarana teknologi informasi dalam rangka efisiensi dan efektivitas layanan informasi publik.</span></li>
<li style=""line-height: 1.4;""><span style=""font-size: 14pt; font-family: arial, helvetica, sans-serif;"">Meningkatkan profesionalisme SDM layanan informasi publik.</span></li>
<li style=""line-height: 1.4;""><span style=""font-size: 14pt; font-family: arial, helvetica, sans-serif;"">Membangun sinergi dengan Komisi Informasi dan BUMD Provinsi DKI Jakarta dalam meningkatkan kualitas pelaksanaan keterbukaan informasi publik terkait BUMD.</span></li>
</ol>",,1,"2024-09-26 14:41:40","2024-10-18 15:28:21",visi-dan-misi-ppid,"Visi dan Misi PPID",NULL,visi-dan-misi-ppid,visi-dan-misi-ppid,visi-dan-misi-ppid,NULL
19,"Struktur Organisasi PPID","<p style=""line-height: 2;""><span style=""font-size: 18pt;""><strong>SUSUNAN ORGANISASI</strong></span><br /><span style=""font-size: 14pt;"">1. Atasan Pejabat Pengelola Informasi dan Dokumentasi:</span><br /><span style=""font-size: 14pt;"">&nbsp; &nbsp; &bull; Kepala Badan</span><br /><span style=""font-size: 14pt;"">2. Pejabat Pengelola Informasi dan Dokumentasi (PPID):</span><br /><span style=""font-size: 14pt;"">&nbsp; &nbsp; &bull; Sekretaris</span><br /><span style=""font-size: 14pt;"">3. Pejabat Pengelola Informasi dan Dokumentasi (PPID) Pelaksana:</span><br /><span style=""font-size: 14pt;"">&nbsp; &nbsp; a. PPID Pelaksana Sekretariat:</span><br /><span style=""font-size: 14pt;"">&nbsp; &nbsp; &nbsp; &nbsp; &bull; Sekretaris</span><br /><span style=""font-size: 14pt;"">&nbsp; &nbsp; b. PPID Pelaksana Bidang Usaha Transportasi, Properti dan Keuangan:</span><br /><span style=""font-size: 14pt;"">&nbsp; &nbsp; &nbsp; &nbsp; &bull; Kepala Bidang Usaha Transportasi, Properti dan Keuangan</span><br /><span style=""font-size: 14pt;"">&nbsp; &nbsp; c. PPID Pelaksana Bidang Usaha Pangan, Utilitas, Perpasaran dan Industri:</span><br /><span style=""font-size: 14pt;"">&nbsp; &nbsp; &nbsp; &nbsp; &bull; Kepala Bidang Usaha Pangan, Utilitas, Perpasaran dan Industri</span><br /><span style=""font-size: 14pt;"">&nbsp; &nbsp; d. PPID Pelaksana Bidang Usaha Infrastruktur, Pariwisata dan Kawasan:</span><br /><span style=""font-size: 14pt;"">&nbsp; &nbsp; &nbsp; &nbsp; &bull; Kepala Bidang Usaha Infrastruktur, Pariwisata dan Kawasan</span><br /><span style=""font-size: 14pt;"">&nbsp; &nbsp; e. PPID Pelaksana Pusat Kebijakan Strategis dan Pelayanan BUMD:</span><br /><span style=""font-size: 14pt;"">&nbsp; &nbsp; &nbsp; &nbsp; &bull; Kepala Pusat Kebijakan Strategis dan Pelayanan BUMD</span><br /><span style=""font-size: 14pt;"">4. Tim Pertimbangan:</span><br /><span style=""font-size: 14pt;"">&nbsp; &nbsp; Ketua&nbsp; &nbsp; &nbsp; &nbsp; &nbsp; : Sekretaris</span><br /><span style=""font-size: 14pt;"">&nbsp; &nbsp; Sekretaris&nbsp; : Subkoordinator Urusan/Ketua Subkelompok Data dan Informasi</span><br /><span style=""font-size: 14pt;"">&nbsp; &nbsp; Anggota&nbsp; &nbsp; : a.&nbsp; Kepala Bidang Usaha Transportasi, Properti dan Keuangan</span><br /><span style=""font-size: 14pt;"">&nbsp; &nbsp; &nbsp; &nbsp; &nbsp; &nbsp; &nbsp; &nbsp; &nbsp; &nbsp; &nbsp; &nbsp; &nbsp; b. Kepala Bidang Usaha Pangan, Utilitas, Perpasaran dan Industri</span><br /><span style=""font-size: 14pt;"">&nbsp; &nbsp; &nbsp; &nbsp; &nbsp; &nbsp; &nbsp; &nbsp; &nbsp; &nbsp; &nbsp; &nbsp; &nbsp; c. Kepala Bidang Usaha Infrastruktur, Pariwisata dan Kawasan</span><br /><span style=""font-size: 14pt;"">&nbsp; &nbsp; &nbsp; &nbsp; &nbsp; &nbsp; &nbsp; &nbsp; &nbsp; &nbsp; &nbsp; &nbsp; &nbsp; d. Kepala Pusat Kebijakan Strategis dan Pelayanan BUMD</span><br /><span style=""font-size: 14pt;"">5. Petugas Pelayanan Informasi Publik:</span><br /><span style=""font-size: 14pt;"">&nbsp; &nbsp; &bull; Para pegawai pada Urusan/Subkelompok Data dan Informasi</span></p>",,1,"2024-09-26 14:42:39","2024-09-27 15:48:26",struktur-organisasi-ppid,"Struktur Organisasi PPID",NULL,struktur-organisasi-ppid,struktur-organisasi-ppid,struktur-organisasi-ppid,NULL
20,"Tugas dan Fungsi PPID","<p style=""text-align: center;""><span style=""color: #95a5a6; font-size: 12pt;"">Keputusan Kepala Badan Pembinaan Badan Usaha Milik Daerah Provinsi Daerah Khusus Ibukota Jakarta Nomor e-0006 Tahun 2024 Tentang Pejabat Pengelola Informasi dan Dokumentasi Tahun 2024</span></p>
<p></p>
<p><span style=""font-size: 18pt;""><strong>PPID bertugas:</strong></span></p>
<ol>
<li><span style=""font-size: 14pt;"">menyusun dan melaksanakan kebijakan layanan Informasi Publik;</span></li>
<li><span style=""font-size: 14pt;"">menyusun laporan pelaksanaan kebijakan layanan Informasi Publik;</span></li>
<li><span style=""font-size: 14pt;"">mengoordinasikan dan mengonsolidasikan proses penyimpanan, pendokumentasian, penyediaan, dan pelayanan Informasi Publik;</span></li>
<li><span style=""font-size: 14pt;"">mengoordinasikan dan mengonsolidasikan pengumpulan dokumen Informasi Publik dari PPID Pelaksana dan/atau Petugas Pelayanan Informasi di Badan Publik;</span></li>
<li><span style=""font-size: 14pt;"">melakukan verifikasi dokumen Informasi Publik;</span></li>
<li><span style=""font-size: 14pt;"">menentukan Informasi Publik yang dapat diakses publik dan layak untuk dipublikasikan;</span></li>
<li><span style=""font-size: 14pt;"">melakukan pengujian tentang konsekuens atas Informasi Publik yang akan dikecualikan;</span></li>
<li><span style=""font-size: 14pt;"">melakukan pengelolaan, pemeliharaan, dan pemutakhiran Daftar Informasi Publik;</span></li>
<li><span style=""font-size: 14pt;"">menyediakan Informasi Publik secara efektif dan efisien agar mudah diakses oleh publik; dan</span></li>
<li><span style=""font-size: 14pt;"">melakukan pembinaan, pengawasan, evaluasi, dan monitoring atas pelaksanaan kebijakan teknis Informasi Publik yang dilakukan oleh PPID Pelaksana dan/atau Petugas Pelayanan Informasi.</span></li>
</ol>
<p></p>
<p><span style=""font-size: 18pt;""><strong>PPID berwenang:</strong></span></p>
<ol>
<li><span style=""font-size: 14pt;"">menetapkan kebijakan layanan Informasi Publik;</span></li>
<li><span style=""font-size: 14pt;"">menetapkan laporan pelaksanaan kebijakan layanan Informasi Publik;</span></li>
<li><span style=""font-size: 14pt;"">melaksanakan rapat koordinasi dan rapat kerja secara berkala dan/atau sesuai dengan kebutuhan dalam melaksanakan pelayanan Informasi Publik;</span></li>
<li><span style=""font-size: 14pt;"">meminta klarifikasi kepada PPID Pelaksana dan/atau Petugas Pelayanan Informasi dalam melaksanakan pelayanan Informasi Publik;</span></li>
<li><span style=""font-size: 14pt;"">menetapkan dan memutuskan suatu Informasi Publik dapat diakses publik atau tidak berdasarkan pengujian tentang konsekuensi atas Informasi Publik yang akan dikecualikan, dengan persetujuan Atasan PPID;</span></li>
<li><span style=""font-size: 14pt;"">menolak Permintaan Informasi Publik dengan menyampaikan pertimbangan secara tertulis apabila Informasi Publik yang dimohon termasuk Informasi yang dikecualikan atau rahasia, dengan persetujuan Atasan PPID;</span></li>
<li><span style=""font-size: 14pt;"">menugaskan PPID Pelaksana dan/atau Petugas Pelayanan Informasi untuk membuat, mengelola, memelihara, dan/atau memutakhirkan Daftar Informasi Publik; dan</span></li>
<li><span style=""font-size: 14pt;"">menetapkan strategi dan metode pembinaan, pengawasan, evaluasi, dan monitoring atas pelaksanaan kebijakan teknis Informasi Publik yang dilakukan oleh PPID Pelaksana dan/atau Petugas Pelayanan Informasi.</span></li>
</ol>",,1,"2024-09-26 14:43:37","2024-09-27 15:49:42",tugas-dan-fungsi-ppid,"Tugas dan Fungsi PPID",NULL,tugas-dan-fungsi-ppid,tugas-dan-fungsi-ppid,tugas-dan-fungsi-ppid,NULL
21,"Dasar Hukum PPID","<header class=""entry-header"">
<h1 class=""entry-title""><span style=""font-size: 18pt;"">Dasar Hukum PPID</span></h1>
</header>
<div class=""entry-content-wrapper"">
<div class=""entry-content"">
<ol>
<li style=""line-height: 1.5;""><span style=""font-size: 14pt;"">Undang-Undang Nomor 14 Tahun 2008 tentang Keterbukaan Informasi Publik&nbsp;<a href=""https://kependudukancapil.jakarta.go.id/wp-content/uploads/2022/10/uu-no-14-thn-2008-tentang-informasi-publik.pdf"">[<strong>download</strong>]</a></span></li>
<li style=""line-height: 1.5;""><span style=""font-size: 14pt;"">Undang-Undang Nomor 25 Tahun 2009 tentang Pelayanan Publik <a href=""https://kependudukancapil.jakarta.go.id/wp-content/uploads/2022/10/Undang-Undang-Nomor-25-Tahun-2009.pdf"">[<strong>download</strong>]</a></span></li>
<li style=""line-height: 1.5;""><span style=""font-size: 14pt;"">Peraturan Komisi Informasi Pusat Republik Indonesia Nomor 1 tahun 2021 tentang Standar Layanan Informasi Publik <a href=""https://kip.jakarta.go.id/wp-content/uploads/fluentform/ff-ee3d9573c8d0c3a87b3d4c0ee687773d-ff-Peraturan_Komisi_Informasi_No_1_Tahun_2021.pdf"" title=""Perki No. 1 Tahun 2021"" target=""_blank"" rel=""noopener"">[<strong>download</strong>]</a></span></li>
<li style=""line-height: 1.5;""><span style=""font-size: 14pt;"">Peraturan Gubernur Nomor 175 Tahun 2016 tentang <span>Layanan Informasi Publik <a href=""https://kip.jakarta.go.id/wp-content/uploads/fluentform/ff-ff4942834ef4e9ed0bd1d8d520f23db9-ff-Peraturan_Gubernur_No_175_Tahun_2016.pdf"" title=""Pergub No, 175 tahun 2016"" target=""_blank"" rel=""noopener"">[<strong>download</strong>]</a></span></span></li>
<li style=""line-height: 1.5;""><span style=""font-size: 14pt;""><span>Keputusan Sekretaris Daerah Provinsi DKI Jakarta Nomor 86 Tahun 2025 tentang Standar Operasional Prosedur Pengelolaan dan Pelayanan Informasi melalui Pejabat Pengelola Informasi dan Dokumentasi Utama dan Pelaksana <a href=""https://drive.google.com/file/d/1xJ_CI8PwCGSH-N9CyPVgI2_vVn4M06YK/view?usp=drive_link"" title=""Kepsekda No 86 Tahun 2025"" target=""_blank"" rel=""noopener"">[<strong>download</strong>]</a></span></span></li>
</ol>
</div>
</div>",,1,"2024-09-26 14:44:30","2025-09-11 15:42:12",dasar-dan-hukum-ppid,"Dasar Hukum PPID",NULL,dasar-dan-hukum-ppid,dasar-dan-hukum-ppid,dasar-dan-hukum-ppid,NULL
